{
    "class_prior_": [
        0.5107033639143731,
        0.4892966360856269
    ],
    "theta_": [
        [
            0.6347305389221557,
            0.8083832335329342,
            0.6467065868263473,
            0.5508982035928144,
            0.6407185628742516,
            0.4251497005988024,
            0.10778443113772455
        ],
        [
            0.49375,
            0.825,
            0.55,
            0.55625,
            0.15,
            0.3625,
            0.35
        ]
    ],
    "var_": [
        [
            0.23184768212888104,
            0.15489978152290784,
            0.22847717762889996,
            0.24740937311816016,
            0.23019828630974082,
            0.24439743292668736,
            0.0961669477891779
        ],
        [
            0.24996093774713576,
            0.14437500024713615,
            0.2475000002471361,
            0.24683593774713541,
            0.12750000024713648,
            0.23109375024713605,
            0.22750000024713582
        ]
    ],
    "epsilon_": 2.471359500229124e-10,
    "classes_": [
        0,
        1
    ],
    "feature_names": [
        "Idade",
        "Sexo",
        "Etnia/Ra\u00e7a",
        "Necessidade de Aux\u00edlio Estudantil",
        "I.R.A.",
        "Forma de Ingresso",
        "Tipo de Escola de Origem"
    ],
    "class_labels": [
        "N\u00e3o Evade",
        "Evade"
    ]
}